{"cameraMode":{"drawMode":2,"name":"Shaded Wireframe","section":"Shading Mode"},"sceneLighting":true,"audioPlay":false,"sceneViewState":{"m_AlwaysRefresh":false,"showFog":true,"showSkybox":true,"showFlares":true,"showImageEffects":true,"showParticleSystems":true,"showVisualEffectGraphs":true,"m_FxEnabled":true},"in2DMode":false,"pivot":{"x":4.868083953857422,"y":22.293855667114259,"z":-1.3847074508666993},"rotation":{"x":0.016499141231179239,"y":-0.002999583724886179,"z":0.00004950007496518083,"w":0.999859631061554},"size":26.327377319335939,"orthographic":true}